Dataset,NetworkType,Alternative,IsCandidate,WelfareAtZero,WelfareSlope,SingletonSumAtZero,SurplusAtZero,SurplusSlope,CriticalC,CriticalCErrorEstimate
Karate,Local,1,0,1255.08823529412,-20.4,550.911764705882,704.176470588235,-40.8,17.2592272202999,5.05098039215686e-10
Karate,Local,2,0,1397.47990196078,-20.4,576.520098039216,820.959803921569,-40.8,20.1215638216071,5.50502450980392e-10
Karate,Local,3,0,1527.61617647059,-20.4,502.383823529412,1025.23235294118,-40.8,25.1282439446367,5.58627450980392e-10
Karate,Local,4,0,1515.25539215686,-20.4,626.744607843137,888.510784313726,-40.8,21.7772251057286,5.95072087658593e-10
Karate,Local,5,1,1777.10980392157,-20.4,476.890196078431,1300.21960784314,-40.8,31.8681276432141,6.15931372549019e-10
Karate,Local,6,0,1690.91078431373,-20.4,675.089215686275,1015.82156862745,-40.8,24.8975874663591,6.2171568627451e-10
Karate,Local,7,0,1419.40098039216,-20.4,750.599019607843,668.801960784314,-40.8,16.3922049211842,5.8639753940792e-10
Karate,Local,8,0,1657.1387254902,-20.4,736.861274509804,920.277450980392,-40.8,22.5558198769704,6.31825980392157e-10
Karate,Global,1,0,1269.577786835,-51,536.422213165,733.15557367,-102,7.18779974186274,2.23987251613005e-10
Karate,Global,2,0,1409.83431298306,-51,564.165687016937,845.668625966127,-102,8.29086888202085,2.45271695552698e-10
Karate,Global,3,0,1504.90016826562,-51,525.099831734383,979.800336531235,-102,9.60588565226701,2.50561360094855e-10
Karate,Global,4,0,1518.99086384709,-51,623.009136152914,895.981727694172,-102,8.78413458523698,2.64093889606338e-10
Karate,Global,5,1,1740.54494961022,-51,513.455050389777,1227.08989922045,-102,12.0302931296122,2.75651507760432e-10
Karate,Global,6,0,1674.84393853638,-51,691.156061463619,983.687877072762,-102,9.643998794831,2.80304226725959e-10
Karate,Global,7,0,1459.97967256039,-51,710.020327439606,749.959345120789,-102,7.35254259922343,2.60904507739371e-10
Karate,Global,8,0,1661.32830734941,-51,732.671692650588,928.656614698824,-102,9.10447661469435,2.83235948864725e-10
PolBK,Local,1,0,4549.78282398761,-63,1750.21717601239,2799.56564797521,-126,22.2187749839303,5.54403014974444e-10
PolBK,Local,2,0,4825.64364519538,-63,1964.35635480462,2861.28729039077,-126,22.7086292888156,5.81665650889254e-10
PolBK,Local,3,0,4633.44292620423,-63,2002.55707379577,2630.88585240846,-126,20.8800464476862,5.85158843537415e-10
PolBK,Local,4,0,4630.28941493289,-63,1977.71058506711,2652.57882986579,-126,21.0522129354428,5.86967421180154e-10
PolBK,Local,5,0,4634.93049588093,-63,1847.06950411907,2787.86099176186,-126,22.1258808869989,5.65992334615006e-10
PolBK,Local,6,0,4446.46379562467,-63,1839.53620437534,2606.92759124933,-126,20.6899015178518,5.56141957950033e-10
PolBK,Local,7,1,5244.10004466548,-63,1965.89995533452,3278.20008933096,-126,26.0174610264362,6.10690600289979e-10
PolBK,Local,8,0,4835.34685350881,-63,1772.65314649119,3062.69370701762,-126,24.3070929128383,5.76118489447061e-10
PolBK,Global,1,0,4560.44495599558,-157.5,1739.55504400443,2820.88991199115,-315,8.95520606981318,2.5126109220202e-10
PolBK,Global,2,0,4835.93056945202,-157.5,1954.06943054798,2881.86113890403,-315,9.14876552033027,2.6376225391008e-10
PolBK,Global,3,0,4622.14042252256,-157.5,2013.85957747744,2608.28084504511,-315,8.28025665093686,2.60671963489574e-10
PolBK,Global,4,0,4647.01035145483,-157.5,1960.98964854517,2686.02070290966,-315,8.52704985050684,2.61135345714462e-10
PolBK,Global,5,0,4601.17251829458,-157.5,1880.82748170542,2720.34503658917,-315,8.63601598917196,2.55047266585093e-10
PolBK,Global,6,0,4458.90813010201,-157.5,1827.09186989799,2631.81626020401,-315,8.35497225461592,2.50695420823028e-10
PolBK,Global,7,1,5253.69945747634,-157.5,1956.30054252366,3297.39891495268,-315,10.4679330633418,2.79740305436963e-10
PolBK,Global,8,0,4820.69359466249,-157.5,1787.30640533751,3033.38718932499,-315,9.62980060103171,2.60745802482351e-10
LastFM,Local,1,0,340272.731188258,-4574.40000000004,137351.268811742,202921.462376516,-9148.80000000007,22.1801178708152,5.80013067412462e-10
LastFM,Local,2,0,339321.398949578,-4574.40000000004,139184.601050422,200136.797899155,-9148.80000000007,21.8757430372457,5.79663424654889e-10
LastFM,Local,3,0,346028.097094559,-4574.40000000004,137615.902905441,208412.194189118,-9148.80000000007,22.7802765596708,5.85862804435183e-10
LastFM,Local,4,0,342842.276395639,-4574.40000000004,136923.723604361,205918.552791278,-9148.80000000007,22.5077116989415,5.80197733362209e-10
LastFM,Local,5,0,340788.91716477,-4574.40000000004,133797.08283523,206991.83432954,-9148.80000000007,22.6250256131447,5.78401920697577e-10
LastFM,Local,6,0,346828.912535773,-4574.40000000004,139349.087464227,207479.825071546,-9148.80000000007,22.6783649299957,5.88243014635195e-10
LastFM,Local,7,0,340242.503043622,-4574.40000000004,136023.496956378,204219.006087244,-9148.80000000007,22.3219445268497,5.78710808157668e-10
LastFM,Local,8,1,348315.163627801,-4574.40000000004,137610.836372199,210704.327255602,-9148.80000000007,23.0308157633351,5.90090017270953e-10
LastFM,Global,1,0,340676.723274208,-11436,136947.276725792,203729.446548416,-22872,8.90737349372227,2.60804169827338e-10
LastFM,Global,2,0,339154.585072073,-11436,139351.414927927,199803.170144146,-22872,8.73571048199309,2.60431873189813e-10
LastFM,Global,3,0,346660.759768121,-11436,136983.240231879,209677.519536241,-22872,9.16743264848903,2.64238533093243e-10
LastFM,Global,4,0,342514.288169668,-11436,137251.711830332,205262.576339336,-22872,8.97440435201712,2.6213468642291e-10
LastFM,Global,5,0,340706.806813816,-11436,133879.193186185,206827.613627631,-22872,9.0428302565421,2.59909223100374e-10
LastFM,Global,6,0,347383.508379293,-11436,138794.491620707,208589.016758586,-22872,9.11984158615712,2.6503129870775e-10
LastFM,Global,7,0,339829.641708221,-11436,136436.358291779,203393.283416441,-22872,8.89267591012771,2.60147411574636e-10
LastFM,Global,8,1,347713.686811727,-11436,138212.313188273,209501.373623454,-22872,9.15973127070017,2.64378525477228e-10
Amazon,Local,1,0,15074672.568103,-200917.800000004,6026743.43189697,9047929.13620605,-401835.600000007,22.5164946465816,5.80569528482235e-10
Amazon,Local,2,0,15065764.3435898,-200917.800000004,6006041.65641023,9059722.68717954,-401835.600000007,22.5458438405641,5.8032901391969e-10
Amazon,Local,3,0,15057082.3871596,-200917.800000004,6020113.61284043,9036968.77431915,-401835.600000007,22.4892189102185,5.80092629871484e-10
Amazon,Local,4,0,15061979.7077267,-200917.800000004,6030070.29227328,9031909.41545343,-401835.600000007,22.4766282914039,5.80220605358285e-10
Amazon,Local,5,0,15056702.9719644,-200917.800000004,6031119.02803561,9025583.94392877,-401835.600000007,22.4608868500666,5.79875355573372e-10
Amazon,Local,6,1,15089270.6630785,-200917.800000004,6032207.33692154,9057063.32615692,-401835.600000007,22.5392258081582,5.813068582147e-10
Amazon,Local,7,0,15063626.9796237,-200917.800000004,6042801.02037634,9020825.95924731,-401835.600000007,22.4490462249914,5.80192202337878e-10
Amazon,Local,8,0,15081580.3787544,-200917.800000004,6031175.62124558,9050404.75750883,-401835.600000007,22.5226554280125,5.80750367770346e-10
Amazon,Global,1,0,15072550.9385569,-502294.5,6028865.06144309,9043685.87711382,-1004589,9.00237398290626,2.71289385730011e-10
Amazon,Global,2,0,15062672.1873128,-502294.5,6009133.81268724,9053538.37462552,-1004589,9.01218147384205,2.72061900855881e-10
Amazon,Global,3,0,15058886.6295336,-502294.5,6018309.37046636,9040577.25906727,-1004589,8.99927956514283,2.70978070152036e-10
Amazon,Global,4,0,15061152.8639843,-502294.5,6030897.13601569,9030255.72796862,-1004589,8.98900518318299,2.71091747513084e-10
Amazon,Global,5,0,15058139.2672717,-502294.5,6029682.73272827,9028456.53454347,-1004589,8.98721420854047,2.70206939952715e-10
Amazon,Global,6,1,15089308.7806282,-502294.5,6032169.21937181,9057139.56125639,-1004589,9.01576621011815,2.72317456191649e-10
Amazon,Global,7,0,15066391.4097893,-502294.5,6040036.59021071,9026354.81957858,-1004589,8.9851220942879,2.71456795907925e-10
Amazon,Global,8,0,15081577.9227969,-502294.5,6031178.07720312,9050399.84559376,-1004589,9.00905728172791,2.70764877648218e-10
DBLP,Local,1,0,14260588.906991,-190248.000000004,5726427.09300897,8534161.81398206,-380496.000000007,22.4290447573218,5.81899568108884e-10
DBLP,Local,2,0,14264401.700083,-190248.000000004,5697540.29991699,8566861.40016601,-380496.000000007,22.5149841264188,5.81303978529011e-10
DBLP,Local,3,0,14229228.1233112,-190248.000000004,5718041.87668882,8511186.24662236,-380496.000000007,22.3686615539249,5.80728460853989e-10
DBLP,Local,4,0,14265695.2359628,-190248.000000004,5710288.7640372,8555406.47192561,-380496.000000007,22.484878873695,5.81503272645299e-10
DBLP,Local,5,0,14277943.2885864,-190248.000000004,5699272.71141364,8578670.57717272,-380496.000000007,22.5460203975142,5.81623543884606e-10
DBLP,Local,6,1,14305851.3457016,-190248.000000004,5694912.65429837,8610938.69140326,-380496.000000007,22.6308257942346,5.82460826896537e-10
DBLP,Local,7,0,14250747.2200502,-190248.000000004,5720266.77994981,8530480.44010039,-380496.000000007,22.419369559996,5.8109268767583e-10
DBLP,Local,8,0,14294344.1793138,-190248.000000004,5692769.82068621,8601574.35862758,-380496.000000007,22.6062149368914,5.82434522941256e-10
DBLP,Global,1,0,14262014.2203741,-475620,5725001.77962592,8537012.44074816,-951240,8.97461465113763,2.69610611309311e-10
DBLP,Global,2,0,14265191.2043573,-475620,5696750.79564269,8568440.40871461,-951240,9.00765359816094,2.68453091133099e-10
DBLP,Global,3,0,14234814.8688099,-475620,5712455.13119013,8522359.73761974,-951240,8.95921085910994,2.68730998991967e-10
DBLP,Global,4,0,14266472.9502793,-475620,5709511.04972069,8556961.90055862,-951240,8.99558670846329,2.70588898989507e-10
DBLP,Global,5,0,14277797.1783962,-475620,5699418.82160383,8578378.35679233,-951240,9.01810095958153,2.67380069414665e-10
DBLP,Global,6,1,14303442.3997108,-475620,5697321.60028917,8606120.79942166,-951240,9.04726546341791,2.7320459661646e-10
DBLP,Global,7,0,14249380.2254442,-475620,5721633.77455582,8527746.45088836,-951240,8.96487369211594,2.69458338343151e-10
DBLP,Global,8,0,14289686.9525087,-475620,5697427.04749132,8592259.90501736,-951240,9.0326940677614,2.70797044536422e-10
